architecture,method,param,value,time
grpcGoPhp,textLen,16,65536,0.44483399391174
grpcGo,textLen,16,65536,0.010389804840088
localPhp,textLen,16,65536,0.092118978500366
httpNode,textLen,16,65536,0.15580892562866
httpGoPhp,textLen,16,65536,0.30400013923645
httpGo,textLen,16,65536,0.011740922927856
httpPhp,textLen,16,65536,0.97919106483459
httpNodePhp,textLen,16,65536,0.37596893310547
grpcGoPhp,textLen,13,8192,0.15075302124023
grpcGo,textLen,13,8192,0.005964994430542
localPhp,textLen,13,8192,0.025218963623047
httpNode,textLen,13,8192,0.023910045623779
httpGoPhp,textLen,13,8192,0.15565299987793
httpGo,textLen,13,8192,0.0032479763031006
httpPhp,textLen,13,8192,0.81383681297302
httpNodePhp,textLen,13,8192,0.14145803451538
grpcGoPhp,textLen,3,8,0.18463492393494
grpcGo,textLen,3,8,0.0028190612792969
localPhp,textLen,3,8,5.2928924560547E-5
httpNode,textLen,3,8,0.028113126754761
httpGoPhp,textLen,3,8,0.24269700050354
httpGo,textLen,3,8,0.00073409080505371
httpPhp,textLen,3,8,0.58115100860596
httpNodePhp,textLen,3,8,0.16123509407043
grpcGoPhp,textLen,8,256,0.19466114044189
grpcGo,textLen,8,256,0.0017120838165283
localPhp,textLen,8,256,0.00044393539428711
httpNode,textLen,8,256,0.0016241073608398
httpGoPhp,textLen,8,256,0.2227611541748
httpGo,textLen,8,256,0.0017549991607666
httpPhp,textLen,8,256,0.61910796165466
httpNodePhp,textLen,8,256,0.20316410064697
grpcGoPhp,textLen,5,32,0.22876501083374
grpcGo,textLen,5,32,0.0011520385742188
localPhp,textLen,5,32,6.9141387939453E-5
httpNode,textLen,5,32,0.0023519992828369
httpGoPhp,textLen,5,32,0.18478107452393
httpGo,textLen,5,32,0.0017409324645996
httpPhp,textLen,5,32,0.5754508972168
httpNodePhp,textLen,5,32,0.18917918205261
grpcGoPhp,textLen,11,2048,0.18401098251343
grpcGo,textLen,11,2048,0.00325608253479
localPhp,textLen,11,2048,0.0051651000976562
httpNode,textLen,11,2048,0.0068938732147217
httpGoPhp,textLen,11,2048,0.1955680847168
httpGo,textLen,11,2048,0.0012669563293457
httpPhp,textLen,11,2048,0.58289504051208
httpNodePhp,textLen,11,2048,0.13772201538086
grpcGoPhp,textLen,19,524288,0.8665919303894
grpcGo,textLen,19,524288,0.036720991134644
localPhp,textLen,19,524288,0.64332389831543
httpNode,textLen,19,524288,0.18866300582886
httpGoPhp,textLen,19,524288,0.74386811256409
httpGo,textLen,19,524288,0.029961824417114
httpPhp,textLen,19,524288,1.1726970672607
httpNodePhp,textLen,19,524288,0.93740701675415
grpcGoPhp,textLen,2,4,0.20213103294373
grpcGo,textLen,2,4,0.0020151138305664
localPhp,textLen,2,4,0.00029492378234863
httpNode,textLen,2,4,0.0037469863891602
httpGoPhp,textLen,2,4,0.16581201553345
httpGo,textLen,2,4,0.0066380500793457
httpPhp,textLen,2,4,0.50554394721985
httpNodePhp,textLen,2,4,0.18972396850586
grpcGoPhp,textLen,4,16,0.1948778629303
grpcGo,textLen,4,16,0.0014989376068115
localPhp,textLen,4,16,2.8848648071289E-5
httpNode,textLen,4,16,0.0040898323059082
httpGoPhp,textLen,4,16,0.14663982391357
httpGo,textLen,4,16,0.0024440288543701
httpPhp,textLen,4,16,0.45905613899231
httpNodePhp,textLen,4,16,0.21236610412598
grpcGoPhp,textLen,6,64,0.15872287750244
grpcGo,textLen,6,64,0.00062894821166992
localPhp,textLen,6,64,0.00024509429931641
httpNode,textLen,6,64,0.0020740032196045
httpGoPhp,textLen,6,64,0.13585114479065
httpGo,textLen,6,64,0.00076198577880859
httpPhp,textLen,6,64,0.41194295883179
httpNodePhp,textLen,6,64,0.13194489479065
grpcGoPhp,textLen,1,2,0.15826010704041
grpcGo,textLen,1,2,0.00056791305541992
localPhp,textLen,1,2,1.3113021850586E-5
httpNode,textLen,1,2,0.0036859512329102
httpGoPhp,textLen,1,2,0.15596985816956
httpGo,textLen,1,2,0.0016829967498779
httpPhp,textLen,1,2,0.41224789619446
httpNodePhp,textLen,1,2,0.13125705718994
grpcGoPhp,textLen,15,32768,0.17000293731689
grpcGo,textLen,15,32768,0.0052189826965332
localPhp,textLen,15,32768,0.082216024398804
httpNode,textLen,15,32768,0.022912979125977
httpGoPhp,textLen,15,32768,0.21711587905884
httpGo,textLen,15,32768,0.00730299949646
httpPhp,textLen,15,32768,0.46544599533081
httpNodePhp,textLen,15,32768,0.19312310218811
grpcGoPhp,textLen,17,131072,0.3886890411377
grpcGo,textLen,17,131072,0.010318040847778
localPhp,textLen,17,131072,0.14776492118835
httpNode,textLen,17,131072,0.024496078491211
httpGoPhp,textLen,17,131072,0.29849100112915
httpGo,textLen,17,131072,0.0093300342559814
httpPhp,textLen,17,131072,0.70482707023621
httpNodePhp,textLen,17,131072,0.3544008731842
grpcGoPhp,textLen,10,1024,0.23361396789551
grpcGo,textLen,10,1024,0.0013298988342285
localPhp,textLen,10,1024,0.0014779567718506
httpNode,textLen,10,1024,0.0018429756164551
httpGoPhp,textLen,10,1024,0.18068218231201
httpGo,textLen,10,1024,0.0024759769439697
httpPhp,textLen,10,1024,0.39824986457825
httpNodePhp,textLen,10,1024,0.16966104507446
grpcGoPhp,textLen,12,4096,0.19912099838257
grpcGo,textLen,12,4096,0.0032720565795898
localPhp,textLen,12,4096,0.0080320835113525
httpNode,textLen,12,4096,0.0085999965667725
httpGoPhp,textLen,12,4096,0.17200398445129
httpGo,textLen,12,4096,0.001511812210083
httpPhp,textLen,12,4096,0.38116598129272
httpNodePhp,textLen,12,4096,0.14701700210571
grpcGoPhp,textLen,18,262144,0.48688793182373
grpcGo,textLen,18,262144,0.018725156784058
localPhp,textLen,18,262144,0.31123208999634
httpNode,textLen,18,262144,0.056205034255981
httpGoPhp,textLen,18,262144,0.45035290718079
httpGo,textLen,18,262144,0.018097162246704
httpPhp,textLen,18,262144,0.62190699577332
httpNodePhp,textLen,18,262144,0.51797604560852
grpcGoPhp,textLen,9,512,0.14039707183838
grpcGo,textLen,9,512,0.001594066619873
localPhp,textLen,9,512,0.0021219253540039
httpNode,textLen,9,512,0.0038001537322998
httpGoPhp,textLen,9,512,0.12862300872803
httpGo,textLen,9,512,0.002161979675293
httpPhp,textLen,9,512,0.45568203926086
httpNodePhp,textLen,9,512,0.19052410125732
grpcGoPhp,textLen,7,128,0.13950896263123
grpcGo,textLen,7,128,0.00043892860412598
localPhp,textLen,7,128,0.00018310546875
httpNode,textLen,7,128,0.002173900604248
httpGoPhp,textLen,7,128,0.14145612716675
httpGo,textLen,7,128,0.00085115432739258
httpPhp,textLen,7,128,0.35895013809204
httpNodePhp,textLen,7,128,0.13946294784546
grpcGoPhp,textLen,14,16384,0.26843190193176
grpcGo,textLen,14,16384,0.0011968612670898
localPhp,textLen,14,16384,0.024855136871338
httpNode,textLen,14,16384,0.0083661079406738
httpGoPhp,textLen,14,16384,0.25288105010986
httpGo,textLen,14,16384,0.0063991546630859
httpPhp,textLen,14,16384,0.77879095077515
httpNodePhp,textLen,14,16384,0.25645399093628
grpcGoPhp,textLen,20,1048576,1.8884479999542
grpcGo,textLen,20,1048576,0.077687978744507
localPhp,textLen,20,1048576,1.5080258846283
httpNode,textLen,20,1048576,0.29360890388489
httpGoPhp,textLen,20,1048576,2.1682479381561
httpGo,textLen,20,1048576,0.070210933685303
httpPhp,textLen,20,1048576,2.825010061264
httpNodePhp,textLen,20,1048576,2.5251111984253
httpGoPhp,textLen,14,16384,0.29810285568237
grpcGoPhp,textLen,14,16384,0.32947301864624
grpcGo,textLen,14,16384,0.0046930313110352
httpNode,textLen,14,16384,0.015865087509155
httpNodePhp,textLen,14,16384,0.1858389377594
httpPhp,textLen,14,16384,0.56181287765503
localPhp,textLen,14,16384,0.028939008712769
httpGo,textLen,14,16384,0.0044159889221191
httpGoPhp,textLen,9,512,0.31731700897217
grpcGoPhp,textLen,9,512,0.23068499565125
grpcGo,textLen,9,512,0.0025680065155029
httpNode,textLen,9,512,0.0059370994567871
httpNodePhp,textLen,9,512,0.38554787635803
httpPhp,textLen,9,512,0.45636200904846
localPhp,textLen,9,512,0.0010759830474854
httpGo,textLen,9,512,0.0031428337097168
httpGoPhp,textLen,6,64,0.28105521202087
grpcGoPhp,textLen,6,64,0.19792699813843
grpcGo,textLen,6,64,0.00068306922912598
httpNode,textLen,6,64,0.0048339366912842
httpNodePhp,textLen,6,64,0.12874603271484
httpPhp,textLen,6,64,0.50166296958923
localPhp,textLen,6,64,0.00011610984802246
httpGo,textLen,6,64,0.0019180774688721
httpGoPhp,textLen,5,32,0.19466805458069
grpcGoPhp,textLen,5,32,0.22072696685791
grpcGo,textLen,5,32,0.0010838508605957
httpNode,textLen,5,32,0.0056121349334717
httpNodePhp,textLen,5,32,0.271644115448
httpPhp,textLen,5,32,0.36178708076477
localPhp,textLen,5,32,6.4849853515625E-5
httpGo,textLen,5,32,0.014409065246582
httpGoPhp,textLen,12,4096,0.30396795272827
grpcGoPhp,textLen,12,4096,0.2245090007782
grpcGo,textLen,12,4096,0.0048630237579346
httpNode,textLen,12,4096,0.011140108108521
httpNodePhp,textLen,12,4096,0.21640610694885
httpPhp,textLen,12,4096,0.60293698310852
localPhp,textLen,12,4096,0.0044770240783691
httpGo,textLen,12,4096,0.0022060871124268
httpGoPhp,textLen,1,2,0.14441919326782
grpcGoPhp,textLen,1,2,0.19818806648254
grpcGo,textLen,1,2,0.00074195861816406
httpNode,textLen,1,2,0.0047440528869629
httpNodePhp,textLen,1,2,0.14203405380249
httpPhp,textLen,1,2,0.34645700454712
localPhp,textLen,1,2,1.2874603271484E-5
httpGo,textLen,1,2,0.0012478828430176
httpGoPhp,textLen,15,32768,0.2383291721344
grpcGoPhp,textLen,15,32768,0.2005729675293
grpcGo,textLen,15,32768,0.0075321197509766
httpNode,textLen,15,32768,0.023859977722168
httpNodePhp,textLen,15,32768,0.22132110595703
httpPhp,textLen,15,32768,0.61330509185791
localPhp,textLen,15,32768,0.049264907836914
httpGo,textLen,15,32768,0.0070128440856934
httpGoPhp,textLen,19,524288,0.96999788284302
grpcGoPhp,textLen,19,524288,0.80621290206909
grpcGo,textLen,19,524288,0.035171031951904
httpNode,textLen,19,524288,0.1567051410675
httpNodePhp,textLen,19,524288,1.0177459716797
httpPhp,textLen,19,524288,0.9944920539856
localPhp,textLen,19,524288,0.73305892944336
httpGo,textLen,19,524288,0.029291152954102
httpGoPhp,textLen,11,2048,0.22532105445862
grpcGoPhp,textLen,11,2048,0.19064903259277
grpcGo,textLen,11,2048,0.0021011829376221
httpNode,textLen,11,2048,0.0041110515594482
httpNodePhp,textLen,11,2048,0.20570707321167
httpPhp,textLen,11,2048,0.69897198677063
localPhp,textLen,11,2048,0.0043308734893799
httpGo,textLen,11,2048,0.002338171005249
httpGoPhp,textLen,2,4,0.19395685195923
grpcGoPhp,textLen,2,4,0.20181918144226
grpcGo,textLen,2,4,0.0013759136199951
httpNode,textLen,2,4,0.0020930767059326
httpNodePhp,textLen,2,4,0.22320485115051
httpPhp,textLen,2,4,0.50886702537537
localPhp,textLen,2,4,2.8848648071289E-5
httpGo,textLen,2,4,0.0014579296112061
httpGoPhp,textLen,13,8192,0.19457411766052
grpcGoPhp,textLen,13,8192,0.21168780326843
grpcGo,textLen,13,8192,0.0024199485778809
httpNode,textLen,13,8192,0.0037620067596436
httpNodePhp,textLen,13,8192,0.24422407150269
httpPhp,textLen,13,8192,0.4769561290741
localPhp,textLen,13,8192,0.014474153518677
httpGo,textLen,13,8192,0.0044739246368408
httpGoPhp,textLen,3,8,0.15772485733032
grpcGoPhp,textLen,3,8,0.20505499839783
grpcGo,textLen,3,8,0.0018999576568604
httpNode,textLen,3,8,0.0064899921417236
httpNodePhp,textLen,3,8,0.20235991477966
httpPhp,textLen,3,8,0.58780694007874
localPhp,textLen,3,8,2.6941299438477E-5
httpGo,textLen,3,8,0.0056619644165039
httpGoPhp,textLen,7,128,0.20576906204224
grpcGoPhp,textLen,7,128,0.18361401557922
grpcGo,textLen,7,128,0.0013110637664795
httpNode,textLen,7,128,0.0053360462188721
httpNodePhp,textLen,7,128,0.15040802955627
httpPhp,textLen,7,128,0.55753087997437
localPhp,textLen,7,128,0.0014100074768066
httpGo,textLen,7,128,0.0095160007476807
httpGoPhp,textLen,16,65536,0.25244402885437
grpcGoPhp,textLen,16,65536,0.24136090278625
grpcGo,textLen,16,65536,0.006458044052124
httpNode,textLen,16,65536,0.010981798171997
httpNodePhp,textLen,16,65536,0.24520111083984
httpPhp,textLen,16,65536,0.62072205543518
localPhp,textLen,16,65536,0.083490133285522
httpGo,textLen,16,65536,0.0090091228485107
httpGoPhp,textLen,18,262144,0.49983501434326
grpcGoPhp,textLen,18,262144,0.49138402938843
grpcGo,textLen,18,262144,0.016114950180054
httpNode,textLen,18,262144,0.0626220703125
httpNodePhp,textLen,18,262144,0.56388902664185
httpPhp,textLen,18,262144,0.87373900413513
localPhp,textLen,18,262144,0.36441683769226
httpGo,textLen,18,262144,0.026124000549316
httpGoPhp,textLen,8,256,0.20734405517578
grpcGoPhp,textLen,8,256,0.19364809989929
grpcGo,textLen,8,256,0.0020031929016113
httpNode,textLen,8,256,0.0048379898071289
httpNodePhp,textLen,8,256,0.1730010509491
httpPhp,textLen,8,256,0.34968304634094
localPhp,textLen,8,256,0.00029182434082031
httpGo,textLen,8,256,0.00073099136352539
httpGoPhp,textLen,17,131072,0.33525705337524
grpcGoPhp,textLen,17,131072,0.37358403205872
grpcGo,textLen,17,131072,0.016821146011353
httpNode,textLen,17,131072,0.022876977920532
httpNodePhp,textLen,17,131072,0.40982794761658
httpPhp,textLen,17,131072,0.75567698478699
localPhp,textLen,17,131072,0.1692008972168
httpGo,textLen,17,131072,0.013300180435181
httpGoPhp,textLen,10,1024,0.1708779335022
grpcGoPhp,textLen,10,1024,0.1688380241394
grpcGo,textLen,10,1024,0.0037250518798828
httpNode,textLen,10,1024,0.0022909641265869
httpNodePhp,textLen,10,1024,0.2098560333252
httpPhp,textLen,10,1024,0.44463396072388
localPhp,textLen,10,1024,0.0016570091247559
httpGo,textLen,10,1024,0.0021560192108154
httpGoPhp,textLen,4,16,0.15228700637817
grpcGoPhp,textLen,4,16,0.14971590042114
grpcGo,textLen,4,16,0.0010709762573242
httpNode,textLen,4,16,0.002406120300293
httpNodePhp,textLen,4,16,0.23077988624573
httpPhp,textLen,4,16,0.49990797042847
localPhp,textLen,4,16,4.5061111450195E-5
httpGo,textLen,4,16,0.0017690658569336
httpGoPhp,textLen,20,1048576,1.6061019897461
grpcGoPhp,textLen,20,1048576,1.5106620788574
grpcGo,textLen,20,1048576,0.053504943847656
httpNode,textLen,20,1048576,0.33183097839355
httpNodePhp,textLen,20,1048576,1.6839990615845
httpPhp,textLen,20,1048576,1.6804921627045
localPhp,textLen,20,1048576,1.302365064621
httpGo,textLen,20,1048576,0.056664943695068
httpNodePhp,textLen,18,262144,0.60341501235962
httpGo,textLen,18,262144,0.021149158477783
httpPhp,textLen,18,262144,0.84480500221252
httpNode,textLen,18,262144,0.056772947311401
grpcGoPhp,textLen,18,262144,0.45845484733582
httpGoPhp,textLen,18,262144,0.48682188987732
localPhp,textLen,18,262144,0.34218883514404
grpcGo,textLen,18,262144,0.031307935714722
httpNodePhp,textLen,19,524288,1.0039389133453
httpGo,textLen,19,524288,0.032485961914062
httpPhp,textLen,19,524288,1.1963050365448
httpNode,textLen,19,524288,0.18645906448364
grpcGoPhp,textLen,19,524288,0.80353093147278
httpGoPhp,textLen,19,524288,0.82929682731628
localPhp,textLen,19,524288,0.69246006011963
grpcGo,textLen,19,524288,0.037716865539551
httpNodePhp,textLen,1,2,0.14945197105408
httpGo,textLen,1,2,0.0025379657745361
httpPhp,textLen,1,2,0.57157588005066
httpNode,textLen,1,2,0.0027408599853516
grpcGoPhp,textLen,1,2,0.12144207954407
httpGoPhp,textLen,1,2,0.18323588371277
localPhp,textLen,1,2,7.8916549682617E-5
grpcGo,textLen,1,2,0.0010879039764404
httpNodePhp,textLen,2,4,0.13900399208069
httpGo,textLen,2,4,0.0027520656585693
httpPhp,textLen,2,4,0.56272196769714
httpNode,textLen,2,4,0.0030570030212402
grpcGoPhp,textLen,2,4,0.16719102859497
httpGoPhp,textLen,2,4,0.15486407279968
localPhp,textLen,2,4,2.3126602172852E-5
grpcGo,textLen,2,4,0.001366138458252
httpNodePhp,textLen,20,1048576,1.6656558513641
httpGo,textLen,20,1048576,0.05962610244751
httpPhp,textLen,20,1048576,1.6807880401611
httpNode,textLen,20,1048576,0.36147093772888
grpcGoPhp,textLen,20,1048576,1.4906508922577
httpGoPhp,textLen,20,1048576,1.522057056427
localPhp,textLen,20,1048576,1.3486850261688
grpcGo,textLen,20,1048576,0.075757026672363
httpNodePhp,textLen,5,32,0.13085007667542
httpGo,textLen,5,32,0.0022799968719482
httpPhp,textLen,5,32,0.63808012008667
httpNode,textLen,5,32,0.0051369667053223
grpcGoPhp,textLen,5,32,0.18906593322754
httpGoPhp,textLen,5,32,0.16972208023071
localPhp,textLen,5,32,0.00013494491577148
grpcGo,textLen,5,32,0.0028390884399414
httpNodePhp,textLen,6,64,0.18603801727295
httpGo,textLen,6,64,0.00074291229248047
httpPhp,textLen,6,64,0.52502608299255
httpNode,textLen,6,64,0.0038468837738037
grpcGoPhp,textLen,6,64,0.1825168132782
httpGoPhp,textLen,6,64,0.15913891792297
localPhp,textLen,6,64,0.00014686584472656
grpcGo,textLen,6,64,0.0011560916900635
httpNodePhp,textLen,16,65536,0.28456902503967
httpGo,textLen,16,65536,0.012202978134155
httpPhp,textLen,16,65536,0.54982280731201
httpNode,textLen,16,65536,0.011902093887329
grpcGoPhp,textLen,16,65536,0.2230498790741
httpGoPhp,textLen,16,65536,0.27479815483093
localPhp,textLen,16,65536,0.088912963867188
grpcGo,textLen,16,65536,0.0083370208740234
httpNodePhp,textLen,10,1024,0.15178203582764
httpGo,textLen,10,1024,0.0017058849334717
httpPhp,textLen,10,1024,0.45567989349365
httpNode,textLen,10,1024,0.0035951137542725
grpcGoPhp,textLen,10,1024,0.22628498077393
httpGoPhp,textLen,10,1024,0.16491508483887
localPhp,textLen,10,1024,0.0029129981994629
grpcGo,textLen,10,1024,0.015744924545288
httpNodePhp,textLen,9,512,0.18503999710083
httpGo,textLen,9,512,0.0027859210968018
httpPhp,textLen,9,512,0.63351106643677
httpNode,textLen,9,512,0.0037300586700439
grpcGoPhp,textLen,9,512,0.18941283226013
httpGoPhp,textLen,9,512,0.16776609420776
localPhp,textLen,9,512,0.0010278224945068
grpcGo,textLen,9,512,0.001460075378418
httpNodePhp,textLen,13,8192,0.15862011909485
httpGo,textLen,13,8192,0.0020389556884766
httpPhp,textLen,13,8192,0.41175293922424
httpNode,textLen,13,8192,0.024065971374512
grpcGoPhp,textLen,13,8192,0.19691181182861
httpGoPhp,textLen,13,8192,0.17148685455322
localPhp,textLen,13,8192,0.013487815856934
grpcGo,textLen,13,8192,0.0036039352416992
httpNodePhp,textLen,11,2048,0.15913391113281
httpGo,textLen,11,2048,0.004439115524292
httpPhp,textLen,11,2048,0.58422803878784
httpNode,textLen,11,2048,0.0036578178405762
grpcGoPhp,textLen,11,2048,0.17071199417114
httpGoPhp,textLen,11,2048,0.13037204742432
localPhp,textLen,11,2048,0.0061349868774414
grpcGo,textLen,11,2048,0.0034661293029785
httpNodePhp,textLen,4,16,0.14802002906799
httpGo,textLen,4,16,0.005079984664917
httpPhp,textLen,4,16,0.36241793632507
httpNode,textLen,4,16,0.0019969940185547
grpcGoPhp,textLen,4,16,0.19907903671265
httpGoPhp,textLen,4,16,0.17385292053223
localPhp,textLen,4,16,5.793571472168E-5
grpcGo,textLen,4,16,0.0017011165618896
httpNodePhp,textLen,17,131072,0.35439705848694
httpGo,textLen,17,131072,0.0094039440155029
httpPhp,textLen,17,131072,1.0713379383087
httpNode,textLen,17,131072,0.020362138748169
grpcGoPhp,textLen,17,131072,0.36361289024353
httpGoPhp,textLen,17,131072,0.30351686477661
localPhp,textLen,17,131072,0.15216898918152
grpcGo,textLen,17,131072,0.0095639228820801
httpNodePhp,textLen,12,4096,0.17009782791138
httpGo,textLen,12,4096,0.0018980503082275
httpPhp,textLen,12,4096,0.34390902519226
httpNode,textLen,12,4096,0.0043478012084961
grpcGoPhp,textLen,12,4096,0.17252707481384
httpGoPhp,textLen,12,4096,0.17707705497742
localPhp,textLen,12,4096,0.0051898956298828
grpcGo,textLen,12,4096,0.0060679912567139
httpNodePhp,textLen,14,16384,0.19743800163269
httpGo,textLen,14,16384,0.0035159587860107
httpPhp,textLen,14,16384,0.51909708976746
httpNode,textLen,14,16384,0.011085987091064
grpcGoPhp,textLen,14,16384,0.15387082099915
httpGoPhp,textLen,14,16384,0.19133901596069
localPhp,textLen,14,16384,0.029293060302734
grpcGo,textLen,14,16384,0.0074820518493652
httpNodePhp,textLen,3,8,0.18838906288147
httpGo,textLen,3,8,0.00081706047058105
httpPhp,textLen,3,8,0.34765696525574
httpNode,textLen,3,8,0.0022950172424316
grpcGoPhp,textLen,3,8,0.18635582923889
httpGoPhp,textLen,3,8,0.16334009170532
localPhp,textLen,3,8,2.6226043701172E-5
grpcGo,textLen,3,8,0.0011241436004639
httpNodePhp,textLen,8,256,0.13244581222534
httpGo,textLen,8,256,0.001849889755249
httpPhp,textLen,8,256,0.50735807418823
httpNode,textLen,8,256,0.0030460357666016
grpcGoPhp,textLen,8,256,0.19363903999329
httpGoPhp,textLen,8,256,0.17245507240295
localPhp,textLen,8,256,0.00032591819763184
grpcGo,textLen,8,256,0.0031881332397461
httpNodePhp,textLen,15,32768,0.19573307037354
httpGo,textLen,15,32768,0.0053119659423828
httpPhp,textLen,15,32768,0.39671397209167
httpNode,textLen,15,32768,0.0081729888916016
grpcGoPhp,textLen,15,32768,0.23002195358276
httpGoPhp,textLen,15,32768,0.18295097351074
localPhp,textLen,15,32768,0.052949905395508
grpcGo,textLen,15,32768,0.0060610771179199
httpNodePhp,textLen,7,128,0.15815687179565
httpGo,textLen,7,128,0.0036141872406006
httpPhp,textLen,7,128,0.64568090438843
httpNode,textLen,7,128,0.0063240528106689
grpcGoPhp,textLen,7,128,0.19292402267456
httpGoPhp,textLen,7,128,0.20181107521057
localPhp,textLen,7,128,0.0001530647277832
grpcGo,textLen,7,128,0.0035340785980225
grpcGo,textLen,7,128,0.0054378509521484
localPhp,textLen,7,128,0.00029087066650391
httpNode,textLen,7,128,0.0051021575927734
grpcGoPhp,textLen,7,128,0.27590584754944
httpGo,textLen,7,128,0.00136399269104
httpNodePhp,textLen,7,128,0.14402294158936
httpPhp,textLen,7,128,0.32005500793457
httpGoPhp,textLen,7,128,0.17223906517029
grpcGo,textLen,18,262144,0.021500110626221
localPhp,textLen,18,262144,0.37512803077698
httpNode,textLen,18,262144,0.054924964904785
grpcGoPhp,textLen,18,262144,0.45719695091248
httpGo,textLen,18,262144,0.021113872528076
httpNodePhp,textLen,18,262144,0.67878293991089
httpPhp,textLen,18,262144,0.82814002037048
httpGoPhp,textLen,18,262144,0.46854901313782
grpcGo,textLen,6,64,0.0040299892425537
localPhp,textLen,6,64,0.00020599365234375
httpNode,textLen,6,64,0.0057289600372314
grpcGoPhp,textLen,6,64,0.20604491233826
httpGo,textLen,6,64,0.0010199546813965
httpNodePhp,textLen,6,64,0.23486995697021
httpPhp,textLen,6,64,0.30061197280884
httpGoPhp,textLen,6,64,0.18419194221497
grpcGo,textLen,9,512,0.0010709762573242
localPhp,textLen,9,512,0.00074005126953125
httpNode,textLen,9,512,0.0046901702880859
grpcGoPhp,textLen,9,512,0.16974496841431
httpGo,textLen,9,512,0.0013210773468018
httpNodePhp,textLen,9,512,0.17094111442566
httpPhp,textLen,9,512,0.50445199012756
httpGoPhp,textLen,9,512,0.1715099811554
grpcGo,textLen,19,524288,0.034961938858032
localPhp,textLen,19,524288,0.71804594993591
httpNode,textLen,19,524288,0.11240601539612
grpcGoPhp,textLen,19,524288,0.86934494972229
httpGo,textLen,19,524288,0.033934831619263
httpNodePhp,textLen,19,524288,0.93538308143616
httpPhp,textLen,19,524288,0.97068405151367
httpGoPhp,textLen,19,524288,0.80127000808716
grpcGo,textLen,5,32,0.0058419704437256
localPhp,textLen,5,32,0.0007479190826416
httpNode,textLen,5,32,0.0053200721740723
grpcGoPhp,textLen,5,32,0.18782591819763
httpGo,textLen,5,32,0.0010008811950684
httpNodePhp,textLen,5,32,0.13284206390381
httpPhp,textLen,5,32,0.49348902702332
httpGoPhp,textLen,5,32,0.1709930896759
grpcGo,textLen,8,256,0.0019881725311279
localPhp,textLen,8,256,0.0003960132598877
httpNode,textLen,8,256,0.0029759407043457
grpcGoPhp,textLen,8,256,0.16199588775635
httpGo,textLen,8,256,0.0013978481292725
httpNodePhp,textLen,8,256,0.13156890869141
httpPhp,textLen,8,256,0.55206894874573
httpGoPhp,textLen,8,256,0.12117290496826
grpcGo,textLen,13,8192,0.0033209323883057
localPhp,textLen,13,8192,0.013382196426392
httpNode,textLen,13,8192,0.0070779323577881
grpcGoPhp,textLen,13,8192,0.19630217552185
httpGo,textLen,13,8192,0.0013320446014404
httpNodePhp,textLen,13,8192,0.15078186988831
httpPhp,textLen,13,8192,0.60301399230957
httpGoPhp,textLen,13,8192,0.19568800926208
grpcGo,textLen,14,16384,0.006580114364624
localPhp,textLen,14,16384,0.030728101730347
httpNode,textLen,14,16384,0.0075109004974365
grpcGoPhp,textLen,14,16384,0.20098686218262
httpGo,textLen,14,16384,0.0039918422698975
httpNodePhp,textLen,14,16384,0.26882100105286
httpPhp,textLen,14,16384,0.59958100318909
httpGoPhp,textLen,14,16384,0.16362500190735
grpcGo,textLen,3,8,0.0007469654083252
localPhp,textLen,3,8,1.8835067749023E-5
httpNode,textLen,3,8,0.0032730102539062
grpcGoPhp,textLen,3,8,0.13361287117004
httpGo,textLen,3,8,0.0010459423065186
httpNodePhp,textLen,3,8,0.14540815353394
httpPhp,textLen,3,8,0.48023700714111
httpGoPhp,textLen,3,8,0.14723205566406
grpcGo,textLen,16,65536,0.007378101348877
localPhp,textLen,16,65536,0.093193054199219
httpNode,textLen,16,65536,0.011972904205322
grpcGoPhp,textLen,16,65536,0.24447679519653
httpGo,textLen,16,65536,0.008188009262085
httpNodePhp,textLen,16,65536,0.39702796936035
httpPhp,textLen,16,65536,0.79863095283508
httpGoPhp,textLen,16,65536,0.32576107978821
grpcGo,textLen,17,131072,0.017616987228394
localPhp,textLen,17,131072,0.19885587692261
httpNode,textLen,17,131072,0.040014982223511
grpcGoPhp,textLen,17,131072,0.38644695281982
httpGo,textLen,17,131072,0.020941019058228
httpNodePhp,textLen,17,131072,0.36081290245056
httpPhp,textLen,17,131072,0.65535807609558
httpGoPhp,textLen,17,131072,0.30113196372986
grpcGo,textLen,20,1048576,0.071624994277954
localPhp,textLen,20,1048576,1.2881150245667
httpNode,textLen,20,1048576,0.33039808273315
grpcGoPhp,textLen,20,1048576,1.4183578491211
httpGo,textLen,20,1048576,0.062450885772705
httpNodePhp,textLen,20,1048576,1.7104389667511
httpPhp,textLen,20,1048576,1.844447851181
httpGoPhp,textLen,20,1048576,1.3586258888245
grpcGo,textLen,15,32768,0.0059919357299805
localPhp,textLen,15,32768,0.054344892501831
httpNode,textLen,15,32768,0.014491081237793
grpcGoPhp,textLen,15,32768,0.21763205528259
httpGo,textLen,15,32768,0.0047688484191895
httpNodePhp,textLen,15,32768,0.28711891174316
httpPhp,textLen,15,32768,0.57094192504883
httpGoPhp,textLen,15,32768,0.20841598510742
grpcGo,textLen,1,2,0.0022618770599365
localPhp,textLen,1,2,1.5020370483398E-5
httpNode,textLen,1,2,0.0076029300689697
grpcGoPhp,textLen,1,2,0.21792793273926
httpGo,textLen,1,2,0.0010199546813965
httpNodePhp,textLen,1,2,0.17513799667358
httpPhp,textLen,1,2,0.4803569316864
httpGoPhp,textLen,1,2,0.15091991424561
grpcGo,textLen,12,4096,0.0010039806365967
localPhp,textLen,12,4096,0.0066871643066406
httpNode,textLen,12,4096,0.004504919052124
grpcGoPhp,textLen,12,4096,0.21246480941772
httpGo,textLen,12,4096,0.0015769004821777
httpNodePhp,textLen,12,4096,0.19910192489624
httpPhp,textLen,12,4096,0.30092191696167
httpGoPhp,textLen,12,4096,0.18313002586365
grpcGo,textLen,2,4,0.0010461807250977
localPhp,textLen,2,4,1.4066696166992E-5
httpNode,textLen,2,4,0.0054268836975098
grpcGoPhp,textLen,2,4,0.21002221107483
httpGo,textLen,2,4,0.00092887878417969
httpNodePhp,textLen,2,4,0.23804116249084
httpPhp,textLen,2,4,0.43369698524475
httpGoPhp,textLen,2,4,0.22990608215332
grpcGo,textLen,4,16,0.0024847984313965
localPhp,textLen,4,16,3.8862228393555E-5
httpNode,textLen,4,16,0.0038008689880371
grpcGoPhp,textLen,4,16,0.2044939994812
httpGo,textLen,4,16,0.0029370784759521
httpNodePhp,textLen,4,16,0.16033697128296
httpPhp,textLen,4,16,0.42168498039246
httpGoPhp,textLen,4,16,0.1472020149231
grpcGo,textLen,10,1024,0.00078296661376953
localPhp,textLen,10,1024,0.001276969909668
httpNode,textLen,10,1024,0.0037689208984375
grpcGoPhp,textLen,10,1024,0.20369291305542
httpGo,textLen,10,1024,0.00094413757324219
httpNodePhp,textLen,10,1024,0.14933300018311
httpPhp,textLen,10,1024,0.43980193138123
httpGoPhp,textLen,10,1024,0.14159297943115
grpcGo,textLen,11,2048,0.0012478828430176
localPhp,textLen,11,2048,0.0038559436798096
httpNode,textLen,11,2048,0.0064899921417236
grpcGoPhp,textLen,11,2048,0.19810199737549
httpGo,textLen,11,2048,0.0013248920440674
httpNodePhp,textLen,11,2048,0.18300008773804
httpPhp,textLen,11,2048,0.28801298141479
httpGoPhp,textLen,11,2048,0.1759397983551
grpcGo,textLen,1,2,0.00079512596130371
grpcGoPhp,textLen,1,2,0.17547106742859
httpNodePhp,textLen,1,2,0.21328592300415
localPhp,textLen,1,2,1.1920928955078E-5
httpGoPhp,textLen,1,2,0.17718410491943
httpGo,textLen,1,2,0.00054383277893066
httpNode,textLen,1,2,0.0026669502258301
httpPhp,textLen,1,2,0.30780386924744
grpcGo,textLen,5,32,0.0015020370483398
grpcGoPhp,textLen,5,32,0.18174004554749
httpNodePhp,textLen,5,32,0.17090606689453
localPhp,textLen,5,32,4.6968460083008E-5
httpGoPhp,textLen,5,32,0.21757197380066
httpGo,textLen,5,32,0.00055789947509766
httpNode,textLen,5,32,0.0031991004943848
httpPhp,textLen,5,32,0.32916307449341
grpcGo,textLen,16,65536,0.0078909397125244
grpcGoPhp,textLen,16,65536,0.25835108757019
httpNodePhp,textLen,16,65536,0.2182400226593
localPhp,textLen,16,65536,0.1739821434021
httpGoPhp,textLen,16,65536,0.20992994308472
httpGo,textLen,16,65536,0.0088098049163818
httpNode,textLen,16,65536,0.012161016464233
httpPhp,textLen,16,65536,0.40856194496155
grpcGo,textLen,6,64,0.002194881439209
grpcGoPhp,textLen,6,64,0.18414902687073
httpNodePhp,textLen,6,64,0.27468991279602
localPhp,textLen,6,64,8.8930130004883E-5
httpGoPhp,textLen,6,64,0.18783807754517
httpGo,textLen,6,64,0.00091290473937988
httpNode,textLen,6,64,0.0040030479431152
httpPhp,textLen,6,64,0.45625805854797
grpcGo,textLen,20,1048576,0.054083108901978
grpcGoPhp,textLen,20,1048576,1.4451849460602
httpNodePhp,textLen,20,1048576,1.6577458381653
localPhp,textLen,20,1048576,1.2702829837799
httpGoPhp,textLen,20,1048576,1.4482657909393
httpGo,textLen,20,1048576,0.066193103790283
httpNode,textLen,20,1048576,0.32306504249573
httpPhp,textLen,20,1048576,1.6589288711548
grpcGo,textLen,4,16,0.0013430118560791
grpcGoPhp,textLen,4,16,0.15059900283813
httpNodePhp,textLen,4,16,0.20922994613647
localPhp,textLen,4,16,2.9087066650391E-5
httpGoPhp,textLen,4,16,0.1602041721344
httpGo,textLen,4,16,0.00059199333190918
httpNode,textLen,4,16,0.001215934753418
httpPhp,textLen,4,16,0.48550391197205
grpcGo,textLen,14,16384,0.002924919128418
grpcGoPhp,textLen,14,16384,0.25104212760925
httpNodePhp,textLen,14,16384,0.19362902641296
localPhp,textLen,14,16384,0.023959875106812
httpGoPhp,textLen,14,16384,0.18134784698486
httpGo,textLen,14,16384,0.0055699348449707
httpNode,textLen,14,16384,0.0060491561889648
httpPhp,textLen,14,16384,0.47806906700134
grpcGo,textLen,11,2048,0.0020041465759277
grpcGoPhp,textLen,11,2048,0.20639610290527
httpNodePhp,textLen,11,2048,0.17256283760071
localPhp,textLen,11,2048,0.0032691955566406
httpGoPhp,textLen,11,2048,0.15365505218506
httpGo,textLen,11,2048,0.00056099891662598
httpNode,textLen,11,2048,0.0074200630187988
httpPhp,textLen,11,2048,0.46950602531433
grpcGo,textLen,19,524288,0.055461168289185
grpcGoPhp,textLen,19,524288,0.87355494499207
httpNodePhp,textLen,19,524288,0.90973305702209
localPhp,textLen,19,524288,0.67201805114746
httpGoPhp,textLen,19,524288,0.85453391075134
httpGo,textLen,19,524288,0.049207925796509
httpNode,textLen,19,524288,0.10514712333679
httpPhp,textLen,19,524288,1.1513609886169
grpcGo,textLen,9,512,0.0025870800018311
grpcGoPhp,textLen,9,512,0.14479994773865
httpNodePhp,textLen,9,512,0.15384292602539
localPhp,textLen,9,512,0.00066804885864258
httpGoPhp,textLen,9,512,0.1945059299469
httpGo,textLen,9,512,0.00080084800720215
httpNode,textLen,9,512,0.0041019916534424
httpPhp,textLen,9,512,0.41082000732422
grpcGo,textLen,15,32768,0.0044190883636475
grpcGoPhp,textLen,15,32768,0.19009304046631
httpNodePhp,textLen,15,32768,0.19100499153137
localPhp,textLen,15,32768,0.10277891159058
httpGoPhp,textLen,15,32768,0.22095513343811
httpGo,textLen,15,32768,0.0027730464935303
httpNode,textLen,15,32768,0.0067300796508789
httpPhp,textLen,15,32768,0.48141598701477
grpcGo,textLen,8,256,0.004533052444458
grpcGoPhp,textLen,8,256,0.16630983352661
httpNodePhp,textLen,8,256,0.23724508285522
localPhp,textLen,8,256,0.0008080005645752
httpGoPhp,textLen,8,256,0.22589302062988
httpGo,textLen,8,256,0.0044341087341309
httpNode,textLen,8,256,0.0047018527984619
httpPhp,textLen,8,256,0.62689709663391
grpcGo,textLen,18,262144,0.040472030639648
grpcGoPhp,textLen,18,262144,0.53552007675171
httpNodePhp,textLen,18,262144,0.57308793067932
localPhp,textLen,18,262144,0.32301998138428
httpGoPhp,textLen,18,262144,0.43466901779175
httpGo,textLen,18,262144,0.018818140029907
httpNode,textLen,18,262144,0.12503409385681
httpPhp,textLen,18,262144,0.84519195556641
grpcGo,textLen,2,4,0.0017290115356445
grpcGoPhp,textLen,2,4,0.24696898460388
httpNodePhp,textLen,2,4,0.19633603096008
localPhp,textLen,2,4,1.4066696166992E-5
httpGoPhp,textLen,2,4,0.16814112663269
httpGo,textLen,2,4,0.0022151470184326
httpNode,textLen,2,4,0.0035858154296875
httpPhp,textLen,2,4,0.63892221450806
grpcGo,textLen,3,8,0.0022051334381104
grpcGoPhp,textLen,3,8,0.1957700252533
httpNodePhp,textLen,3,8,0.18302297592163
localPhp,textLen,3,8,2.0027160644531E-5
httpGoPhp,textLen,3,8,0.17760109901428
httpGo,textLen,3,8,0.0015549659729004
httpNode,textLen,3,8,0.0054600238800049
httpPhp,textLen,3,8,0.63407897949219
grpcGo,textLen,13,8192,0.0035920143127441
grpcGoPhp,textLen,13,8192,0.18339681625366
httpNodePhp,textLen,13,8192,0.21775484085083
localPhp,textLen,13,8192,0.011552095413208
httpGoPhp,textLen,13,8192,0.18004584312439
httpGo,textLen,13,8192,0.002190113067627
httpNode,textLen,13,8192,0.0043668746948242
httpPhp,textLen,13,8192,0.34817790985107
grpcGo,textLen,10,1024,0.0032939910888672
grpcGoPhp,textLen,10,1024,0.14985013008118
httpNodePhp,textLen,10,1024,0.13025808334351
localPhp,textLen,10,1024,0.0013411045074463
httpGoPhp,textLen,10,1024,0.14595794677734
httpGo,textLen,10,1024,0.0012719631195068
httpNode,textLen,10,1024,0.0027000904083252
httpPhp,textLen,10,1024,0.35034704208374
grpcGo,textLen,12,4096,0.0011720657348633
grpcGoPhp,textLen,12,4096,0.16438317298889
httpNodePhp,textLen,12,4096,0.14095211029053
localPhp,textLen,12,4096,0.0091760158538818
httpGoPhp,textLen,12,4096,0.15910005569458
httpGo,textLen,12,4096,0.0059709548950195
httpNode,textLen,12,4096,0.0058150291442871
httpPhp,textLen,12,4096,0.33978509902954
grpcGo,textLen,7,128,0.0026030540466309
grpcGoPhp,textLen,7,128,0.21142196655273
httpNodePhp,textLen,7,128,0.18291592597961
localPhp,textLen,7,128,0.00072002410888672
httpGoPhp,textLen,7,128,0.16799902915955
httpGo,textLen,7,128,0.003324031829834
httpNode,textLen,7,128,0.0044620037078857
httpPhp,textLen,7,128,0.30299615859985
grpcGo,textLen,17,131072,0.010857105255127
grpcGoPhp,textLen,17,131072,0.37186408042908
httpNodePhp,textLen,17,131072,0.30739307403564
localPhp,textLen,17,131072,0.154296875
httpGoPhp,textLen,17,131072,0.2896900177002
httpGo,textLen,17,131072,0.0083920955657959
httpNode,textLen,17,131072,0.025588035583496
httpPhp,textLen,17,131072,0.591796875
grpcGoPhp,textLen,1,2,0.15146803855896
grpcGo,textLen,1,2,0.00099897384643555
httpPhp,textLen,1,2,0.35917711257935
httpGo,textLen,1,2,0.0034561157226562
localPhp,textLen,1,2,8.8930130004883E-5
httpNode,textLen,1,2,0.0040488243103027
httpNodePhp,textLen,1,2,0.20264506340027
httpGoPhp,textLen,1,2,0.1729519367218
grpcGoPhp,textLen,3,8,0.20556020736694
grpcGo,textLen,3,8,0.0019190311431885
httpPhp,textLen,3,8,0.63495492935181
httpGo,textLen,3,8,0.0036969184875488
localPhp,textLen,3,8,2.0980834960938E-5
httpNode,textLen,3,8,0.0023140907287598
httpNodePhp,textLen,3,8,0.13864994049072
httpGoPhp,textLen,3,8,0.16684412956238
grpcGoPhp,textLen,7,128,0.16624593734741
grpcGo,textLen,7,128,0.0014219284057617
httpPhp,textLen,7,128,0.43499803543091
httpGo,textLen,7,128,0.00079512596130371
localPhp,textLen,7,128,0.00014996528625488
httpNode,textLen,7,128,0.0019621849060059
httpNodePhp,textLen,7,128,0.20205998420715
httpGoPhp,textLen,7,128,0.18593907356262
grpcGoPhp,textLen,20,1048576,1.5349869728088
grpcGo,textLen,20,1048576,0.076889038085938
httpPhp,textLen,20,1048576,1.8843870162964
httpGo,textLen,20,1048576,0.068068027496338
localPhp,textLen,20,1048576,1.3061389923096
httpNode,textLen,20,1048576,0.23442482948303
httpNodePhp,textLen,20,1048576,1.6849420070648
httpGoPhp,textLen,20,1048576,1.4281759262085
grpcGoPhp,textLen,19,524288,0.9047520160675
grpcGo,textLen,19,524288,0.030678987503052
httpPhp,textLen,19,524288,1.1323862075806
httpGo,textLen,19,524288,0.039128065109253
localPhp,textLen,19,524288,0.67606806755066
httpNode,textLen,19,524288,0.10491514205933
httpNodePhp,textLen,19,524288,0.84894895553589
httpGoPhp,textLen,19,524288,0.79234409332275
grpcGoPhp,textLen,15,32768,0.23032283782959
grpcGo,textLen,15,32768,0.0062429904937744
httpPhp,textLen,15,32768,0.35822796821594
httpGo,textLen,15,32768,0.0045230388641357
localPhp,textLen,15,32768,0.079692840576172
httpNode,textLen,15,32768,0.012790203094482
httpNodePhp,textLen,15,32768,0.23565101623535
httpGoPhp,textLen,15,32768,0.16896390914917
grpcGoPhp,textLen,13,8192,0.17412185668945
grpcGo,textLen,13,8192,0.0011727809906006
httpPhp,textLen,13,8192,0.43571209907532
httpGo,textLen,13,8192,0.0045349597930908
localPhp,textLen,13,8192,0.015178918838501
httpNode,textLen,13,8192,0.0078558921813965
httpNodePhp,textLen,13,8192,0.1935977935791
httpGoPhp,textLen,13,8192,0.12583303451538
grpcGoPhp,textLen,12,4096,0.15602087974548
grpcGo,textLen,12,4096,0.0016069412231445
httpPhp,textLen,12,4096,0.48474621772766
httpGo,textLen,12,4096,0.0027129650115967
localPhp,textLen,12,4096,0.0074360370635986
httpNode,textLen,12,4096,0.0063760280609131
httpNodePhp,textLen,12,4096,0.14596605300903
httpGoPhp,textLen,12,4096,0.13664102554321
grpcGoPhp,textLen,9,512,0.14530801773071
grpcGo,textLen,9,512,0.0030868053436279
httpPhp,textLen,9,512,0.4363431930542
httpGo,textLen,9,512,0.0018529891967773
localPhp,textLen,9,512,0.00073695182800293
httpNode,textLen,9,512,0.0054819583892822
httpNodePhp,textLen,9,512,0.20960903167725
httpGoPhp,textLen,9,512,0.1556761264801
grpcGoPhp,textLen,4,16,0.15521001815796
grpcGo,textLen,4,16,0.003385066986084
httpPhp,textLen,4,16,0.42616295814514
httpGo,textLen,4,16,0.0021049976348877
localPhp,textLen,4,16,2.8848648071289E-5
httpNode,textLen,4,16,0.0046250820159912
httpNodePhp,textLen,4,16,0.24714803695679
httpGoPhp,textLen,4,16,0.15594601631165
grpcGoPhp,textLen,14,16384,0.1635799407959
grpcGo,textLen,14,16384,0.003554105758667
httpPhp,textLen,14,16384,0.46521711349487
httpGo,textLen,14,16384,0.0069561004638672
localPhp,textLen,14,16384,0.05840802192688
httpNode,textLen,14,16384,0.057785034179688
httpNodePhp,textLen,14,16384,0.24915599822998
httpGoPhp,textLen,14,16384,0.14425802230835
grpcGoPhp,textLen,11,2048,0.16375708580017
grpcGo,textLen,11,2048,0.0021049976348877
httpPhp,textLen,11,2048,0.31517601013184
httpGo,textLen,11,2048,0.0023460388183594
localPhp,textLen,11,2048,0.0061650276184082
httpNode,textLen,11,2048,0.004166841506958
httpNodePhp,textLen,11,2048,0.24731397628784
httpGoPhp,textLen,11,2048,0.17204594612122
grpcGoPhp,textLen,2,4,0.16090512275696
grpcGo,textLen,2,4,0.00079512596130371
httpPhp,textLen,2,4,0.53220987319946
httpGo,textLen,2,4,0.00084114074707031
localPhp,textLen,2,4,1.1920928955078E-5
httpNode,textLen,2,4,0.0018470287322998
httpNodePhp,textLen,2,4,0.22126698493958
httpGoPhp,textLen,2,4,0.20036315917969
grpcGoPhp,textLen,5,32,0.20116019248962
grpcGo,textLen,5,32,0.0017569065093994
httpPhp,textLen,5,32,0.62605094909668
httpGo,textLen,5,32,0.001594066619873
localPhp,textLen,5,32,0.00092697143554688
httpNode,textLen,5,32,0.0039589405059814
httpNodePhp,textLen,5,32,0.15522599220276
httpGoPhp,textLen,5,32,0.14598989486694
grpcGoPhp,textLen,10,1024,0.15320110321045
grpcGo,textLen,10,1024,0.0016109943389893
httpPhp,textLen,10,1024,0.46331977844238
httpGo,textLen,10,1024,0.00084495544433594
localPhp,textLen,10,1024,0.0023348331451416
httpNode,textLen,10,1024,0.002251148223877
httpNodePhp,textLen,10,1024,0.15745186805725
httpGoPhp,textLen,10,1024,0.1467080116272
grpcGoPhp,textLen,8,256,0.15298414230347
grpcGo,textLen,8,256,0.0017998218536377
httpPhp,textLen,8,256,0.46211409568787
httpGo,textLen,8,256,0.0029699802398682
localPhp,textLen,8,256,0.0013501644134521
httpNode,textLen,8,256,0.0023050308227539
httpNodePhp,textLen,8,256,0.22779107093811
httpGoPhp,textLen,8,256,0.21543383598328
grpcGoPhp,textLen,6,64,0.23177981376648
grpcGo,textLen,6,64,0.0015881061553955
httpPhp,textLen,6,64,0.53152799606323
httpGo,textLen,6,64,0.0010471343994141
localPhp,textLen,6,64,9.2029571533203E-5
httpNode,textLen,6,64,0.0013918876647949
httpNodePhp,textLen,6,64,0.19400000572205
httpGoPhp,textLen,6,64,0.21617197990417
grpcGoPhp,textLen,18,262144,0.60062098503113
grpcGo,textLen,18,262144,0.018121957778931
httpPhp,textLen,18,262144,0.81569886207581
httpGo,textLen,18,262144,0.019749879837036
localPhp,textLen,18,262144,0.34565901756287
httpNode,textLen,18,262144,0.075659990310669
httpNodePhp,textLen,18,262144,0.53842687606812
httpGoPhp,textLen,18,262144,0.44702506065369
grpcGoPhp,textLen,17,131072,0.28248882293701
grpcGo,textLen,17,131072,0.010752201080322
httpPhp,textLen,17,131072,0.68946313858032
httpGo,textLen,17,131072,0.017714023590088
localPhp,textLen,17,131072,0.18168592453003
httpNode,textLen,17,131072,0.026673078536987
httpNodePhp,textLen,17,131072,0.36574602127075
httpGoPhp,textLen,17,131072,0.30265307426453
grpcGoPhp,textLen,16,65536,0.24471211433411
grpcGo,textLen,16,65536,0.0079300403594971
httpPhp,textLen,16,65536,0.535236120224
httpGo,textLen,16,65536,0.0068140029907227
localPhp,textLen,16,65536,0.084392070770264
httpNode,textLen,16,65536,0.018563032150269
httpNodePhp,textLen,16,65536,0.24498414993286
httpGoPhp,textLen,16,65536,0.22302508354187
httpGoPhp,textLen,3,8,0.18037009239197
httpGo,textLen,3,8,0.0011641979217529
httpNode,textLen,3,8,0.0023839473724365
httpPhp,textLen,3,8,0.41832113265991
httpNodePhp,textLen,3,8,0.16137504577637
localPhp,textLen,3,8,1.9073486328125E-5
grpcGoPhp,textLen,3,8,0.15578198432922
grpcGo,textLen,3,8,0.0027170181274414
httpGoPhp,textLen,17,131072,0.3769838809967
httpGo,textLen,17,131072,0.017843961715698
httpNode,textLen,17,131072,0.045100927352905
httpPhp,textLen,17,131072,0.54855608940125
httpNodePhp,textLen,17,131072,0.3876621723175
localPhp,textLen,17,131072,0.18609404563904
grpcGoPhp,textLen,17,131072,0.30315089225769
grpcGo,textLen,17,131072,0.011044979095459
httpGoPhp,textLen,10,1024,0.17965984344482
httpGo,textLen,10,1024,0.0011188983917236
httpNode,textLen,10,1024,0.0026149749755859
httpPhp,textLen,10,1024,0.64338088035583
httpNodePhp,textLen,10,1024,0.23891997337341
localPhp,textLen,10,1024,0.0015048980712891
grpcGoPhp,textLen,10,1024,0.23543882369995
grpcGo,textLen,10,1024,0.0010747909545898
httpGoPhp,textLen,1,2,0.29361701011658
httpGo,textLen,1,2,0.0011651515960693
httpNode,textLen,1,2,0.0024278163909912
httpPhp,textLen,1,2,0.60107016563416
httpNodePhp,textLen,1,2,0.23214912414551
localPhp,textLen,1,2,1.5020370483398E-5
grpcGoPhp,textLen,1,2,0.21466112136841
grpcGo,textLen,1,2,0.00090599060058594
httpGoPhp,textLen,5,32,0.20023703575134
httpGo,textLen,5,32,0.00080299377441406
httpNode,textLen,5,32,0.0065319538116455
httpPhp,textLen,5,32,0.62474584579468
httpNodePhp,textLen,5,32,0.1998770236969
localPhp,textLen,5,32,4.6014785766602E-5
grpcGoPhp,textLen,5,32,0.18357396125793
grpcGo,textLen,5,32,0.00055789947509766
httpGoPhp,textLen,9,512,0.1914210319519
httpGo,textLen,9,512,0.0017459392547607
httpNode,textLen,9,512,0.0033669471740723
httpPhp,textLen,9,512,0.63324999809265
httpNodePhp,textLen,9,512,0.20270800590515
localPhp,textLen,9,512,0.0011489391326904
grpcGoPhp,textLen,9,512,0.21197485923767
grpcGo,textLen,9,512,0.0028951168060303
httpGoPhp,textLen,13,8192,0.28272604942322
httpGo,textLen,13,8192,0.003652811050415
httpNode,textLen,13,8192,0.0040810108184814
httpPhp,textLen,13,8192,0.66363191604614
httpNodePhp,textLen,13,8192,0.18207097053528
localPhp,textLen,13,8192,0.034008026123047
grpcGoPhp,textLen,13,8192,0.24809002876282
grpcGo,textLen,13,8192,0.0057358741760254
httpGoPhp,textLen,7,128,0.18536305427551
httpGo,textLen,7,128,0.002734899520874
httpNode,textLen,7,128,0.0054981708526611
httpPhp,textLen,7,128,0.63020801544189
httpNodePhp,textLen,7,128,0.2848379611969
localPhp,textLen,7,128,0.00023293495178223
grpcGoPhp,textLen,7,128,0.23734283447266
grpcGo,textLen,7,128,0.00039100646972656
httpGoPhp,textLen,12,4096,0.22514700889587
httpGo,textLen,12,4096,0.0022380352020264
httpNode,textLen,12,4096,0.01537299156189
httpPhp,textLen,12,4096,0.60236597061157
httpNodePhp,textLen,12,4096,0.19066596031189
localPhp,textLen,12,4096,0.01041316986084
grpcGoPhp,textLen,12,4096,0.17083191871643
grpcGo,textLen,12,4096,0.0035989284515381
httpGoPhp,textLen,8,256,0.19673991203308
httpGo,textLen,8,256,0.0029079914093018
httpNode,textLen,8,256,0.011747121810913
httpPhp,textLen,8,256,0.5840950012207
httpNodePhp,textLen,8,256,0.13897895812988
localPhp,textLen,8,256,0.00037193298339844
grpcGoPhp,textLen,8,256,0.17700505256653
grpcGo,textLen,8,256,0.00037789344787598
httpGoPhp,textLen,2,4,0.20154309272766
httpGo,textLen,2,4,0.0013430118560791
httpNode,textLen,2,4,0.002593994140625
httpPhp,textLen,2,4,0.48801898956299
httpNodePhp,textLen,2,4,0.14608597755432
localPhp,textLen,2,4,1.8835067749023E-5
grpcGoPhp,textLen,2,4,0.22513890266418
grpcGo,textLen,2,4,0.0011749267578125
httpGoPhp,textLen,14,16384,0.27159214019775
httpGo,textLen,14,16384,0.0021889209747314
httpNode,textLen,14,16384,0.027102947235107
httpPhp,textLen,14,16384,0.5515820980072
httpNodePhp,textLen,14,16384,0.25782799720764
localPhp,textLen,14,16384,0.038522958755493
grpcGoPhp,textLen,14,16384,0.24344205856323
grpcGo,textLen,14,16384,0.0071499347686768
httpGoPhp,textLen,19,524288,1.230740070343
httpGo,textLen,19,524288,0.031915903091431
httpNode,textLen,19,524288,0.17495512962341
httpPhp,textLen,19,524288,1.865807056427
httpNodePhp,textLen,19,524288,1.3141150474548
localPhp,textLen,19,524288,1.1838669776917
grpcGoPhp,textLen,19,524288,1.3869931697845
grpcGo,textLen,19,524288,0.07425594329834
httpGoPhp,textLen,16,65536,0.39123392105103
httpGo,textLen,16,65536,0.025841951370239
httpNode,textLen,16,65536,0.055058002471924
httpPhp,textLen,16,65536,0.97882199287415
httpNodePhp,textLen,16,65536,0.37853598594666
localPhp,textLen,16,65536,0.08600902557373
grpcGoPhp,textLen,16,65536,0.21704816818237
grpcGo,textLen,16,65536,0.0093119144439697
httpGoPhp,textLen,20,1048576,1.5608639717102
httpGo,textLen,20,1048576,0.060835123062134
httpNode,textLen,20,1048576,0.27166295051575
httpPhp,textLen,20,1048576,1.9635119438171
httpNodePhp,textLen,20,1048576,1.6351788043976
localPhp,textLen,20,1048576,1.2836449146271
grpcGoPhp,textLen,20,1048576,1.5168030261993
grpcGo,textLen,20,1048576,0.067845821380615
httpGoPhp,textLen,18,262144,0.45283102989197
httpGo,textLen,18,262144,0.019459962844849
httpNode,textLen,18,262144,0.056296825408936
httpPhp,textLen,18,262144,1.0319938659668
httpNodePhp,textLen,18,262144,0.56415605545044
localPhp,textLen,18,262144,0.29958510398865
grpcGoPhp,textLen,18,262144,0.48080801963806
grpcGo,textLen,18,262144,0.017489194869995
httpGoPhp,textLen,4,16,0.18380808830261
httpGo,textLen,4,16,0.0019290447235107
httpNode,textLen,4,16,0.0025768280029297
httpPhp,textLen,4,16,0.45270586013794
httpNodePhp,textLen,4,16,0.14503216743469
localPhp,textLen,4,16,3.0040740966797E-5
grpcGoPhp,textLen,4,16,0.20408487319946
grpcGo,textLen,4,16,0.00098395347595215
httpGoPhp,textLen,6,64,0.18617796897888
httpGo,textLen,6,64,0.0026481151580811
httpNode,textLen,6,64,0.0021519660949707
httpPhp,textLen,6,64,0.30541586875916
httpNodePhp,textLen,6,64,0.1393609046936
localPhp,textLen,6,64,7.8916549682617E-5
grpcGoPhp,textLen,6,64,0.12901091575623
grpcGo,textLen,6,64,0.0011959075927734
httpGoPhp,textLen,11,2048,0.16698384284973
httpGo,textLen,11,2048,0.0062429904937744
httpNode,textLen,11,2048,0.0037479400634766
httpPhp,textLen,11,2048,0.58437895774841
httpNodePhp,textLen,11,2048,0.21341109275818
localPhp,textLen,11,2048,0.0029301643371582
grpcGoPhp,textLen,11,2048,0.19159698486328
grpcGo,textLen,11,2048,0.0019581317901611
httpGoPhp,textLen,15,32768,0.22810912132263
httpGo,textLen,15,32768,0.0085809230804443
httpNode,textLen,15,32768,0.0073409080505371
httpPhp,textLen,15,32768,0.46010208129883
httpNodePhp,textLen,15,32768,0.19686412811279
localPhp,textLen,15,32768,0.043853998184204
grpcGoPhp,textLen,15,32768,0.23452806472778
grpcGo,textLen,15,32768,0.0064401626586914
localPhp,textLen,14,16384,0.024224996566772
grpcGo,textLen,14,16384,0.0090961456298828
httpPhp,textLen,14,16384,0.45746302604675
httpNode,textLen,14,16384,0.0085201263427734
httpGo,textLen,14,16384,0.0051941871643066
httpGoPhp,textLen,14,16384,0.16841006278992
httpNodePhp,textLen,14,16384,0.24511313438416
grpcGoPhp,textLen,14,16384,0.18260383605957
localPhp,textLen,19,524288,0.60676789283752
grpcGo,textLen,19,524288,0.031589031219482
httpPhp,textLen,19,524288,1.1319100856781
httpNode,textLen,19,524288,0.13243293762207
httpGo,textLen,19,524288,0.028423070907593
httpGoPhp,textLen,19,524288,0.81657385826111
httpNodePhp,textLen,19,524288,0.82378506660461
grpcGoPhp,textLen,19,524288,0.78104901313782
localPhp,textLen,15,32768,0.047055959701538
grpcGo,textLen,15,32768,0.0089149475097656
httpPhp,textLen,15,32768,0.63932180404663
httpNode,textLen,15,32768,0.0063800811767578
httpGo,textLen,15,32768,0.0058801174163818
httpGoPhp,textLen,15,32768,0.17217493057251
httpNodePhp,textLen,15,32768,0.21222805976868
grpcGoPhp,textLen,15,32768,0.15857720375061
localPhp,textLen,2,4,1.6927719116211E-5
grpcGo,textLen,2,4,0.0019748210906982
httpPhp,textLen,2,4,0.65914702415466
httpNode,textLen,2,4,0.0022010803222656
httpGo,textLen,2,4,0.0011699199676514
httpGoPhp,textLen,2,4,0.20777702331543
httpNodePhp,textLen,2,4,0.19344115257263
grpcGoPhp,textLen,2,4,0.24698710441589
localPhp,textLen,10,1024,0.0053720474243164
grpcGo,textLen,10,1024,0.0020241737365723
httpPhp,textLen,10,1024,0.49609112739563
httpNode,textLen,10,1024,0.0037569999694824
httpGo,textLen,10,1024,0.0024900436401367
httpGoPhp,textLen,10,1024,0.15158891677856
httpNodePhp,textLen,10,1024,0.20018792152405
grpcGoPhp,textLen,10,1024,0.16347193717957
localPhp,textLen,16,65536,0.098489046096802
grpcGo,textLen,16,65536,0.0080008506774902
httpPhp,textLen,16,65536,0.75191807746887
httpNode,textLen,16,65536,0.018957138061523
httpGo,textLen,16,65536,0.018594980239868
httpGoPhp,textLen,16,65536,0.28398513793945
httpNodePhp,textLen,16,65536,0.23107385635376
grpcGoPhp,textLen,16,65536,0.25558018684387
localPhp,textLen,4,16,2.8133392333984E-5
grpcGo,textLen,4,16,0.0013248920440674
httpPhp,textLen,4,16,0.5856499671936
httpNode,textLen,4,16,0.0058619976043701
httpGo,textLen,4,16,0.0048611164093018
httpGoPhp,textLen,4,16,0.14422416687012
httpNodePhp,textLen,4,16,0.14001703262329
grpcGoPhp,textLen,4,16,0.18309020996094
localPhp,textLen,8,256,0.0016031265258789
grpcGo,textLen,8,256,0.0032429695129395
httpPhp,textLen,8,256,0.39192986488342
httpNode,textLen,8,256,0.0079109668731689
httpGo,textLen,8,256,0.0052299499511719
httpGoPhp,textLen,8,256,0.17446303367615
httpNodePhp,textLen,8,256,0.14332389831543
grpcGoPhp,textLen,8,256,0.19081401824951
localPhp,textLen,17,131072,0.22026586532593
grpcGo,textLen,17,131072,0.013876914978027
httpPhp,textLen,17,131072,0.66240906715393
httpNode,textLen,17,131072,0.043389081954956
httpGo,textLen,17,131072,0.019640922546387
httpGoPhp,textLen,17,131072,0.36311984062195
httpNodePhp,textLen,17,131072,0.29824304580688
grpcGoPhp,textLen,17,131072,0.27060008049011
localPhp,textLen,6,64,0.0010230541229248
grpcGo,textLen,6,64,0.0032460689544678
httpPhp,textLen,6,64,0.38107919692993
httpNode,textLen,6,64,0.0063900947570801
httpGo,textLen,6,64,0.0046651363372803
httpGoPhp,textLen,6,64,0.19609379768372
httpNodePhp,textLen,6,64,0.13559699058533
grpcGoPhp,textLen,6,64,0.17436289787292
localPhp,textLen,12,4096,0.0096390247344971
grpcGo,textLen,12,4096,0.0016839504241943
httpPhp,textLen,12,4096,0.35334587097168
httpNode,textLen,12,4096,0.0023398399353027
httpGo,textLen,12,4096,0.002324104309082
httpGoPhp,textLen,12,4096,0.21617412567139
httpNodePhp,textLen,12,4096,0.16518497467041
grpcGoPhp,textLen,12,4096,0.16081404685974
localPhp,textLen,18,262144,0.3121030330658
grpcGo,textLen,18,262144,0.017733812332153
httpPhp,textLen,18,262144,1.0203099250793
httpNode,textLen,18,262144,0.11997485160828
httpGo,textLen,18,262144,0.021031856536865
httpGoPhp,textLen,18,262144,0.55948805809021
httpNodePhp,textLen,18,262144,0.56989979743958
grpcGoPhp,textLen,18,262144,0.47944092750549
localPhp,textLen,1,2,1.3113021850586E-5
grpcGo,textLen,1,2,0.0018911361694336
httpPhp,textLen,1,2,0.65744709968567
httpNode,textLen,1,2,0.0015120506286621
httpGo,textLen,1,2,0.0015017986297607
httpGoPhp,textLen,1,2,0.19197392463684
httpNodePhp,textLen,1,2,0.19432091712952
grpcGoPhp,textLen,1,2,0.17035603523254
localPhp,textLen,3,8,0.00012493133544922
grpcGo,textLen,3,8,0.0014040470123291
httpPhp,textLen,3,8,0.55563402175903
httpNode,textLen,3,8,0.002918004989624
httpGo,textLen,3,8,0.0016689300537109
httpGoPhp,textLen,3,8,0.18873620033264
httpNodePhp,textLen,3,8,0.17944002151489
grpcGoPhp,textLen,3,8,0.23059701919556
localPhp,textLen,5,32,4.9114227294922E-5
grpcGo,textLen,5,32,0.00088000297546387
httpPhp,textLen,5,32,0.5586838722229
httpNode,textLen,5,32,0.001554012298584
httpGo,textLen,5,32,0.0014340877532959
httpGoPhp,textLen,5,32,0.21443295478821
httpNodePhp,textLen,5,32,0.26197004318237
grpcGoPhp,textLen,5,32,0.20743703842163
localPhp,textLen,13,8192,0.013861894607544
grpcGo,textLen,13,8192,0.0026929378509521
httpPhp,textLen,13,8192,0.42653012275696
httpNode,textLen,13,8192,0.0057249069213867
httpGo,textLen,13,8192,0.0032138824462891
httpGoPhp,textLen,13,8192,0.1603319644928
httpNodePhp,textLen,13,8192,0.24397802352905
grpcGoPhp,textLen,13,8192,0.18299102783203
localPhp,textLen,11,2048,0.0062661170959473
grpcGo,textLen,11,2048,0.0036380290985107
httpPhp,textLen,11,2048,0.46279191970825
httpNode,textLen,11,2048,0.0031569004058838
httpGo,textLen,11,2048,0.004561185836792
httpGoPhp,textLen,11,2048,0.21230483055115
httpNodePhp,textLen,11,2048,0.18440008163452
grpcGoPhp,textLen,11,2048,0.15715289115906
localPhp,textLen,9,512,0.00066184997558594
grpcGo,textLen,9,512,0.0022509098052979
httpPhp,textLen,9,512,0.48490691184998
httpNode,textLen,9,512,0.0038659572601318
httpGo,textLen,9,512,0.004831075668335
httpGoPhp,textLen,9,512,0.22620606422424
httpNodePhp,textLen,9,512,0.16397309303284
grpcGoPhp,textLen,9,512,0.14468789100647
localPhp,textLen,7,128,0.00048208236694336
grpcGo,textLen,7,128,0.0012428760528564
httpPhp,textLen,7,128,0.44496989250183
httpNode,textLen,7,128,0.0040299892425537
httpGo,textLen,7,128,0.0036029815673828
httpGoPhp,textLen,7,128,0.22439694404602
httpNodePhp,textLen,7,128,0.154953956604
grpcGoPhp,textLen,7,128,0.14239001274109
localPhp,textLen,20,1048576,1.2547352313995
grpcGo,textLen,20,1048576,0.056015968322754
httpPhp,textLen,20,1048576,1.7672030925751
httpNode,textLen,20,1048576,0.2501847743988
httpGo,textLen,20,1048576,0.05368709564209
httpGoPhp,textLen,20,1048576,1.5162529945374
httpNodePhp,textLen,20,1048576,1.8393371105194
grpcGoPhp,textLen,20,1048576,1.418977022171
grpcGoPhp,textLen,8,256,0.20886206626892
httpNodePhp,textLen,8,256,0.16129899024963
httpPhp,textLen,8,256,0.70818614959717
httpGo,textLen,8,256,0.0041592121124268
httpNode,textLen,8,256,0.013631820678711
httpGoPhp,textLen,8,256,0.22179007530212
grpcGo,textLen,8,256,0.00098896026611328
localPhp,textLen,8,256,0.0003359317779541
grpcGoPhp,textLen,2,4,0.25765013694763
httpNodePhp,textLen,2,4,0.17295908927917
httpPhp,textLen,2,4,0.47595691680908
httpGo,textLen,2,4,0.0033068656921387
httpNode,textLen,2,4,0.0027091503143311
httpGoPhp,textLen,2,4,0.24250197410583
grpcGo,textLen,2,4,0.00087904930114746
localPhp,textLen,2,4,1.4066696166992E-5
grpcGoPhp,textLen,4,16,0.25026488304138
httpNodePhp,textLen,4,16,0.20597290992737
httpPhp,textLen,4,16,0.48723697662354
httpGo,textLen,4,16,0.00072813034057617
httpNode,textLen,4,16,0.0019440650939941
httpGoPhp,textLen,4,16,0.22815799713135
grpcGo,textLen,4,16,0.0013389587402344
localPhp,textLen,4,16,4.1007995605469E-5
grpcGoPhp,textLen,13,8192,0.21337485313416
httpNodePhp,textLen,13,8192,0.18167400360107
httpPhp,textLen,13,8192,0.5074200630188
httpGo,textLen,13,8192,0.0037670135498047
httpNode,textLen,13,8192,0.0031929016113281
httpGoPhp,textLen,13,8192,0.16455411911011
grpcGo,textLen,13,8192,0.003230094909668
localPhp,textLen,13,8192,0.018621921539307
grpcGoPhp,textLen,1,2,0.14496493339539
httpNodePhp,textLen,1,2,0.16687297821045
httpPhp,textLen,1,2,0.50771403312683
httpGo,textLen,1,2,0.0017869472503662
httpNode,textLen,1,2,0.0031778812408447
httpGoPhp,textLen,1,2,0.1610381603241
grpcGo,textLen,1,2,0.0027101039886475
localPhp,textLen,1,2,2.4080276489258E-5
grpcGoPhp,textLen,14,16384,0.17239999771118
httpNodePhp,textLen,14,16384,0.17328095436096
httpPhp,textLen,14,16384,0.51046514511108
httpGo,textLen,14,16384,0.0058960914611816
httpNode,textLen,14,16384,0.010568141937256
httpGoPhp,textLen,14,16384,0.18396401405334
grpcGo,textLen,14,16384,0.0031640529632568
localPhp,textLen,14,16384,0.025614976882935
grpcGoPhp,textLen,10,1024,0.14750289916992
httpNodePhp,textLen,10,1024,0.15297198295593
httpPhp,textLen,10,1024,0.48575496673584
httpGo,textLen,10,1024,0.004054069519043
httpNode,textLen,10,1024,0.0045027732849121
httpGoPhp,textLen,10,1024,0.20746994018555
grpcGo,textLen,10,1024,0.0019960403442383
localPhp,textLen,10,1024,0.0020449161529541
grpcGoPhp,textLen,19,524288,0.88485312461853
httpNodePhp,textLen,19,524288,0.91718196868896
httpPhp,textLen,19,524288,1.2226920127869
httpGo,textLen,19,524288,0.043958902359009
httpNode,textLen,19,524288,0.12369990348816
httpGoPhp,textLen,19,524288,0.95461297035217
grpcGo,textLen,19,524288,0.038707971572876
localPhp,textLen,19,524288,0.67354297637939
grpcGoPhp,textLen,18,262144,0.48331308364868
httpNodePhp,textLen,18,262144,0.55270218849182
httpPhp,textLen,18,262144,0.87182903289795
httpGo,textLen,18,262144,0.01895809173584
httpNode,textLen,18,262144,0.066651105880737
httpGoPhp,textLen,18,262144,0.4378809928894
grpcGo,textLen,18,262144,0.020730018615723
localPhp,textLen,18,262144,0.41262412071228
grpcGoPhp,textLen,20,1048576,1.3827049732208
httpNodePhp,textLen,20,1048576,1.6497790813446
httpPhp,textLen,20,1048576,1.7210609912872
httpGo,textLen,20,1048576,0.053486108779907
httpNode,textLen,20,1048576,0.29485607147217
httpGoPhp,textLen,20,1048576,1.3857989311218
grpcGo,textLen,20,1048576,0.069575786590576
localPhp,textLen,20,1048576,1.2908191680908
grpcGoPhp,textLen,5,32,0.17611598968506
httpNodePhp,textLen,5,32,0.16379714012146
httpPhp,textLen,5,32,0.41576099395752
httpGo,textLen,5,32,0.0023519992828369
httpNode,textLen,5,32,0.0026619434356689
httpGoPhp,textLen,5,32,0.15262603759766
grpcGo,textLen,5,32,0.0029749870300293
localPhp,textLen,5,32,0.00043416023254395
grpcGoPhp,textLen,9,512,0.1928129196167
httpNodePhp,textLen,9,512,0.15552306175232
httpPhp,textLen,9,512,0.42440319061279
httpGo,textLen,9,512,0.0025370121002197
httpNode,textLen,9,512,0.0083789825439453
httpGoPhp,textLen,9,512,0.16552710533142
grpcGo,textLen,9,512,0.0041429996490479
localPhp,textLen,9,512,0.0025269985198975
grpcGoPhp,textLen,6,64,0.18007707595825
httpNodePhp,textLen,6,64,0.20277285575867
httpPhp,textLen,6,64,0.44971704483032
httpGo,textLen,6,64,0.0023419857025146
httpNode,textLen,6,64,0.0028297901153564
httpGoPhp,textLen,6,64,0.21590995788574
grpcGo,textLen,6,64,0.00073909759521484
localPhp,textLen,6,64,8.082389831543E-5
grpcGoPhp,textLen,16,65536,0.33625793457031
httpNodePhp,textLen,16,65536,0.23621797561646
httpPhp,textLen,16,65536,0.48844289779663
httpGo,textLen,16,65536,0.0082919597625732
httpNode,textLen,16,65536,0.02220606803894
httpGoPhp,textLen,16,65536,0.27520203590393
grpcGo,textLen,16,65536,0.0079138278961182
localPhp,textLen,16,65536,0.086984872817993
grpcGoPhp,textLen,3,8,0.14902091026306
httpNodePhp,textLen,3,8,0.16891384124756
httpPhp,textLen,3,8,0.5474169254303
httpGo,textLen,3,8,0.00079011917114258
httpNode,textLen,3,8,0.0050039291381836
httpGoPhp,textLen,3,8,0.15352487564087
grpcGo,textLen,3,8,0.004767894744873
localPhp,textLen,3,8,4.6014785766602E-5
grpcGoPhp,textLen,12,4096,0.17305517196655
httpNodePhp,textLen,12,4096,0.16668891906738
httpPhp,textLen,12,4096,0.48522710800171
httpGo,textLen,12,4096,0.0026779174804688
httpNode,textLen,12,4096,0.00307297706604
httpGoPhp,textLen,12,4096,0.18773698806763
grpcGo,textLen,12,4096,0.00062394142150879
localPhp,textLen,12,4096,0.007375955581665
grpcGoPhp,textLen,11,2048,0.17748522758484
httpNodePhp,textLen,11,2048,0.1357729434967
httpPhp,textLen,11,2048,0.44643902778625
httpGo,textLen,11,2048,0.0049619674682617
httpNode,textLen,11,2048,0.002424955368042
httpGoPhp,textLen,11,2048,0.16944694519043
grpcGo,textLen,11,2048,0.0010519027709961
localPhp,textLen,11,2048,0.0024549961090088
grpcGoPhp,textLen,15,32768,0.19896507263184
httpNodePhp,textLen,15,32768,0.18602418899536
httpPhp,textLen,15,32768,0.5459668636322
httpGo,textLen,15,32768,0.0062069892883301
httpNode,textLen,15,32768,0.012929201126099
httpGoPhp,textLen,15,32768,0.19408106803894
grpcGo,textLen,15,32768,0.0076041221618652
localPhp,textLen,15,32768,0.048638105392456
grpcGoPhp,textLen,7,128,0.15818619728088
httpNodePhp,textLen,7,128,0.16907286643982
httpPhp,textLen,7,128,0.5076630115509
httpGo,textLen,7,128,0.0038039684295654
httpNode,textLen,7,128,0.0046229362487793
httpGoPhp,textLen,7,128,0.16629004478455
grpcGo,textLen,7,128,0.0018069744110107
localPhp,textLen,7,128,0.0002291202545166
grpcGoPhp,textLen,17,131072,0.31796097755432
httpNodePhp,textLen,17,131072,0.37413787841797
httpPhp,textLen,17,131072,0.6035418510437
httpGo,textLen,17,131072,0.013760805130005
httpNode,textLen,17,131072,0.049655914306641
httpGoPhp,textLen,17,131072,0.35811018943787
grpcGo,textLen,17,131072,0.019073009490967
localPhp,textLen,17,131072,0.159823179245
grpcGoPhp,textLen,17,131072,0.29835891723633
httpGo,textLen,17,131072,0.013967037200928
httpNode,textLen,17,131072,0.032039165496826
localPhp,textLen,17,131072,0.22138595581055
httpGoPhp,textLen,17,131072,0.36361002922058
httpNodePhp,textLen,17,131072,0.38054990768433
grpcGo,textLen,17,131072,0.010596990585327
httpPhp,textLen,17,131072,0.66071105003357
grpcGoPhp,textLen,20,1048576,1.3979489803314
httpGo,textLen,20,1048576,0.065514087677002
httpNode,textLen,20,1048576,0.33116602897644
localPhp,textLen,20,1048576,1.2463619709015
httpGoPhp,textLen,20,1048576,1.3934059143066
httpNodePhp,textLen,20,1048576,1.7177760601044
grpcGo,textLen,20,1048576,0.053895950317383
httpPhp,textLen,20,1048576,1.8504481315613
grpcGoPhp,textLen,7,128,0.19318294525146
httpGo,textLen,7,128,0.0024609565734863
httpNode,textLen,7,128,0.0036418437957764
localPhp,textLen,7,128,0.00033712387084961
httpGoPhp,textLen,7,128,0.18118906021118
httpNodePhp,textLen,7,128,0.26443004608154
grpcGo,textLen,7,128,0.0024669170379639
httpPhp,textLen,7,128,0.57347393035889
grpcGoPhp,textLen,11,2048,0.17698502540588
httpGo,textLen,11,2048,0.0068318843841553
httpNode,textLen,11,2048,0.0042190551757812
localPhp,textLen,11,2048,0.0038211345672607
httpGoPhp,textLen,11,2048,0.23892784118652
httpNodePhp,textLen,11,2048,0.19199991226196
grpcGo,textLen,11,2048,0.0021610260009766
httpPhp,textLen,11,2048,0.5597779750824
grpcGoPhp,textLen,12,4096,0.24958610534668
httpGo,textLen,12,4096,0.0017719268798828
httpNode,textLen,12,4096,0.0022540092468262
localPhp,textLen,12,4096,0.0080370903015137
httpGoPhp,textLen,12,4096,0.19816899299622
httpNodePhp,textLen,12,4096,0.20283508300781
grpcGo,textLen,12,4096,0.0010509490966797
httpPhp,textLen,12,4096,0.68548893928528
grpcGoPhp,textLen,13,8192,0.25160098075867
httpGo,textLen,13,8192,0.0027270317077637
httpNode,textLen,13,8192,0.0021610260009766
localPhp,textLen,13,8192,0.021461963653564
httpGoPhp,textLen,13,8192,0.23260998725891
httpNodePhp,textLen,13,8192,0.19235992431641
grpcGo,textLen,13,8192,0.0023138523101807
httpPhp,textLen,13,8192,0.545893907547
grpcGoPhp,textLen,19,524288,0.83605599403381
httpGo,textLen,19,524288,0.040018081665039
httpNode,textLen,19,524288,0.12109279632568
localPhp,textLen,19,524288,0.70230889320374
httpGoPhp,textLen,19,524288,0.7365779876709
httpNodePhp,textLen,19,524288,0.90934896469116
grpcGo,textLen,19,524288,0.029029846191406
httpPhp,textLen,19,524288,1.1868290901184
grpcGoPhp,textLen,8,256,0.14746904373169
httpGo,textLen,8,256,0.0019848346710205
httpNode,textLen,8,256,0.0032639503479004
localPhp,textLen,8,256,0.00079202651977539
httpGoPhp,textLen,8,256,0.14285516738892
httpNodePhp,textLen,8,256,0.15119886398315
grpcGo,textLen,8,256,0.003788948059082
httpPhp,textLen,8,256,0.43227601051331
grpcGoPhp,textLen,4,16,0.23143196105957
httpGo,textLen,4,16,0.0013868808746338
httpNode,textLen,4,16,0.0027170181274414
localPhp,textLen,4,16,3.814697265625E-5
httpGoPhp,textLen,4,16,0.19009590148926
httpNodePhp,textLen,4,16,0.14156699180603
grpcGo,textLen,4,16,0.0019059181213379
httpPhp,textLen,4,16,0.56133890151978
grpcGoPhp,textLen,14,16384,0.16277384757996
httpGo,textLen,14,16384,0.0040240287780762
httpNode,textLen,14,16384,0.00482177734375
localPhp,textLen,14,16384,0.02449893951416
httpGoPhp,textLen,14,16384,0.17883896827698
httpNodePhp,textLen,14,16384,0.15427303314209
grpcGo,textLen,14,16384,0.0029921531677246
httpPhp,textLen,14,16384,0.37600898742676
grpcGoPhp,textLen,9,512,0.19297695159912
httpGo,textLen,9,512,0.0032060146331787
httpNode,textLen,9,512,0.005277156829834
localPhp,textLen,9,512,0.00098896026611328
httpGoPhp,textLen,9,512,0.17237997055054
httpNodePhp,textLen,9,512,0.13534617424011
grpcGo,textLen,9,512,0.0010790824890137
httpPhp,textLen,9,512,0.59985709190369
grpcGoPhp,textLen,15,32768,0.24586486816406
httpGo,textLen,15,32768,0.016069173812866
httpNode,textLen,15,32768,0.010228157043457
localPhp,textLen,15,32768,0.0471510887146
httpGoPhp,textLen,15,32768,0.19157695770264
httpNodePhp,textLen,15,32768,0.25458407402039
grpcGo,textLen,15,32768,0.0038690567016602
httpPhp,textLen,15,32768,0.55513882637024
grpcGoPhp,textLen,1,2,0.15903997421265
httpGo,textLen,1,2,0.0022881031036377
httpNode,textLen,1,2,0.0052568912506104
localPhp,textLen,1,2,2.5033950805664E-5
httpGoPhp,textLen,1,2,0.16537809371948
httpNodePhp,textLen,1,2,0.15772914886475
grpcGo,textLen,1,2,0.0014510154724121
httpPhp,textLen,1,2,0.49853801727295
grpcGoPhp,textLen,2,4,0.14839506149292
httpGo,textLen,2,4,0.0013320446014404
httpNode,textLen,2,4,0.0022261142730713
localPhp,textLen,2,4,2.0980834960938E-5
httpGoPhp,textLen,2,4,0.1453001499176
httpNodePhp,textLen,2,4,0.14891600608826
grpcGo,textLen,2,4,0.0010180473327637
httpPhp,textLen,2,4,0.45477795600891
grpcGoPhp,textLen,18,262144,0.46232986450195
httpGo,textLen,18,262144,0.020112037658691
httpNode,textLen,18,262144,0.069441080093384
localPhp,textLen,18,262144,0.39664912223816
httpGoPhp,textLen,18,262144,0.46720600128174
httpNodePhp,textLen,18,262144,0.54318404197693
grpcGo,textLen,18,262144,0.024062156677246
httpPhp,textLen,18,262144,0.69853782653809
grpcGoPhp,textLen,10,1024,0.1828989982605
httpGo,textLen,10,1024,0.001568078994751
httpNode,textLen,10,1024,0.0047390460968018
localPhp,textLen,10,1024,0.0019080638885498
httpGoPhp,textLen,10,1024,0.180330991745
httpNodePhp,textLen,10,1024,0.17860388755798
grpcGo,textLen,10,1024,0.0073740482330322
httpPhp,textLen,10,1024,0.33009600639343
grpcGoPhp,textLen,5,32,0.22945284843445
httpGo,textLen,5,32,0.001107931137085
httpNode,textLen,5,32,0.00555419921875
localPhp,textLen,5,32,6.413459777832E-5
httpGoPhp,textLen,5,32,0.17809987068176
httpNodePhp,textLen,5,32,0.18682599067688
grpcGo,textLen,5,32,0.00095701217651367
httpPhp,textLen,5,32,0.61129713058472
grpcGoPhp,textLen,6,64,0.19091510772705
httpGo,textLen,6,64,0.00081682205200195
httpNode,textLen,6,64,0.0011370182037354
localPhp,textLen,6,64,8.2015991210938E-5
httpGoPhp,textLen,6,64,0.19280910491943
httpNodePhp,textLen,6,64,0.18643498420715
grpcGo,textLen,6,64,0.0033318996429443
httpPhp,textLen,6,64,0.6510591506958
grpcGoPhp,textLen,16,65536,0.26683497428894
httpGo,textLen,16,65536,0.006234884262085
httpNode,textLen,16,65536,0.017374992370605
localPhp,textLen,16,65536,0.083049058914185
httpGoPhp,textLen,16,65536,0.35077500343323
httpNodePhp,textLen,16,65536,0.26570582389832
grpcGo,textLen,16,65536,0.0096759796142578
httpPhp,textLen,16,65536,0.58363509178162
grpcGoPhp,textLen,3,8,0.17715501785278
httpGo,textLen,3,8,0.0014450550079346
httpNode,textLen,3,8,0.0018949508666992
localPhp,textLen,3,8,4.9114227294922E-5
httpGoPhp,textLen,3,8,0.15527510643005
httpNodePhp,textLen,3,8,0.13099098205566
grpcGo,textLen,3,8,0.0010170936584473
httpPhp,textLen,3,8,0.50528788566589
